<?xml version="1.0" encoding="UTF-8"?>
<project-private xmlns="http://www.netbeans.org/ns/project-private/1">
    <editor-bookmarks xmlns="http://www.netbeans.org/ns/editor-bookmarks/2" lastBookmarkId="0"/>
    <open-files xmlns="http://www.netbeans.org/ns/projectui-open-files/2">
        <group>
            <file>file:/C:/Users/felix/Desktop/Calculadora1/src/calculadora1/Pantalla.java</file>
            <file>file:/C:/Users/felix/Desktop/Calculadora1/src/calculadora1/Calculadora1.java</file>
        </group>
    </open-files>
</project-private>
